<?xml version="1.0" encoding="UTF-8"?>
<project-private xmlns="http://www.netbeans.org/ns/project-private/1">
    <editor-bookmarks xmlns="http://www.netbeans.org/ns/editor-bookmarks/2" lastBookmarkId="0"/>
    <open-files xmlns="http://www.netbeans.org/ns/projectui-open-files/2">
        <group>
            <file>file:/C:/xampp/htdocs/Webbankinh/index.php</file>
            <file>file:/C:/xampp/htdocs/Webbankinh/UpdateP2.php</file>
            <file>file:/C:/xampp/htdocs/Webbankinh/AddProduct.php</file>
            <file>file:/C:/xampp/htdocs/Webbankinh/single.php</file>
            <file>file:/C:/xampp/htdocs/Webbankinh/DeleteP.php</file>
            <file>file:/C:/xampp/htdocs/Webbankinh/Connectdatabase.php</file>
            <file>file:/C:/xampp/htdocs/Webbankinh/Manager.php</file>
            <file>file:/C:/xampp/htdocs/Webbankinh/UpdateP.php</file>
        </group>
    </open-files>
</project-private>
